class,precision,recall,f1-score,model_name
1,0.9193548387096774,0.9193548387096774,0.9193548387096774,XGBoost
2,0.955719557195572,0.9923371647509579,0.9736842105263158,XGBoost
3,0.918918918918919,0.8947368421052632,0.9066666666666666,XGBoost
4,0.9594594594594594,1.0,0.9793103448275862,XGBoost
5,0.94,0.6911764705882353,0.7966101694915254,XGBoost
